{"bias": -1.9999999999999998, "lrate": 0.1, "weights": [6.200000000000003, 4.000000000000059, -18.599999999999987, 6.800000000000006, 28.000000000000338, -13.0, 139.99999999999997, -225.1999999999999, 59.99999999999992, -19.99999999999998, 92.00000000000033, 66.19999999999942, -31.199999999999857, -0.3999999999999999, -16.00000000000002, -30.0, -79.5999999999999, 10.199999999999996, -51.80000000000015, -0.8000000000000718, 62.60000000000012, -5.199999999999914], "global_error": 1876, "epoch": 10}