{"bias": 228.99999999999554, "lrate": 0.1, "weights": [-0.20000000001361773, -5.200000000015519, -14.000000000018034, -45.000000000005215, 128.99999999505076, 1142.0, 261.999999999762, -495.7999999998318, 83.59999999954599, -89.0000000000052, 42.60000000034161, 353.0000000005265, 1.1377565556358604e-11, 13.599999999898866, -5.200000000032636, 3435.0, -2795.199999999414, -339.59999999998723, -310.59999999948434, -19.999999999981867, 116.40000000030354, 6.80000000001728], "global_error": 1346489, "epoch": 10010}