{"bias": 17.39999999999997, "lrate": 0.1, "weights": [-15.799999999940095, -2.999999999860192, -9.199999999733963, -80.9999999999998, 239.59999999592677, -70.0, 346.79999999999217, -659.3999999999967, 59.19999999766862, -143.3999999968413, -23.799999999728282, 556.4000000090284, -3.799999999847358, 25.399999999462764, -0.4000000005891633, 261.0, 100.19999999999979, -638.3999999999992, -513.9999999986462, -73.79999999888146, 67.20000000502743, -4.59999999984492], "global_error": 9423113, "epoch": 100000}