{"bias": 0.9300000000000006, "lrate": 0.005, "weights": [-1.0000000003509588, -0.5199999999397409, -0.4900000000219684, -3.7500000003543135, 11.850000019655246, -3.649999999999995, 18.05999999999961, -33.1500000001348, 2.6300000015461977, -7.080000000000115, -1.0699999999032994, 28.1099999887081, -0.49000000013988615, 1.8000000016737647, 0.1400000003366503, 13.950000000000022, 5.519999999999994, -32.07999999693352, -26.389999993119716, -3.4400000002900635, 3.139999998716207, -0.5600000001540195], "global_error": 94217797, "epoch": 1000000}