{"bias": 17.999999999999968, "lrate": 0.1, "weights": [-16.39999999938758, -13.59999999861262, -5.799999997295842, -80.7999999999998, 248.59999997979656, -76.0, 355.9999999999921, -670.7999999999964, 52.39999997699354, -140.99999996755204, -21.199999997252835, 552.0000000903441, -3.5999999984984963, 26.199999994847694, -4.400000005862649, 270.0, 97.1999999999997, -641.9999999999993, -517.7999999923186, -70.99999998908169, 58.40000005073751, -8.39999999841646], "global_error": 94211416, "epoch": 1000000}