{"bias": 1.7600000000000011, "lrate": 0.01, "weights": [-1.9200000000698698, -0.6199999999871411, -0.9000000000033825, -8.00000000001767, 24.940000003922034, -6.8999999999999915, 35.91999999999923, -66.6400000000572, 5.740000000309042, -14.860000000000227, -2.23999999998084, 56.23999999774581, 0.29999999997247695, 2.8800000003340696, 0.020000000067134316, 26.40000000000004, 10.459999999999988, -64.25999999937677, -51.639999998621846, -7.88000000006004, 6.179999999740536, -1.420000000030536], "global_error": 9421538, "epoch": 100000}